id,title,track,evidence,Domain,Skills,Tools & Technologies,Sector / Industry,Target Role Fit,Deliverable Type,Methods & Frameworks,Data Provenance,Programme / Organisation,Source Track
01-HEXA-Data-Analytics/00-Portfolio-Package,Portfolio Submission Package,HEXA Solutions — Data Analytics Portfolio,https://github.com/Eswar5313/Eswar-Master-Project-Portfolio-2026/tree/main/01-HEXA-Data-Analytics/00-Portfolio-Package,Data Analytics & Science,Python programming; SQL & databases; Dashboard design; User research & interviews; Web development; Technical writing & documentation; Presentation & storytelling,Python; SQL; PDF; PPTX; HTML,"IT, SaaS & AI Products; Education & EdTech; Career & Personal Branding",Data Analyst / BI Analyst; Data Scientist / ML Engineer; Product Manager / APM; Software / Web Developer,PDF report; Presentation deck; Interactive dashboard,,Primary research (own interviews / observation),"HEXA Solutions, Ghaziabad NCR",HEXA Solutions — Data Analytics Portfolio
01-HEXA-Data-Analytics/01-FedEx-Logistics-EDA,FedEx Logistics EDA,HEXA Solutions — Data Analytics Portfolio,https://github.com/Eswar5313/Eswar-Master-Project-Portfolio-2026/tree/main/01-HEXA-Data-Analytics/01-FedEx-Logistics-EDA,Data Analytics & Science,Python programming; Exploratory data analysis; Data visualisation,Python; pandas; matplotlib; seaborn,Logistics & Supply Chain,Data Analyst / BI Analyst; Supply Chain / Operations Manager,PDF report; Presentation deck; Code / notebook; Dataset,Exploratory data analysis,Own build (no external dataset),"HEXA Solutions, Ghaziabad NCR",HEXA Solutions — Data Analytics Portfolio
01-HEXA-Data-Analytics/02-Mental-Health-in-Tech,Mental Health in Tech Survey Analysis,HEXA Solutions — Data Analytics Portfolio,https://github.com/Eswar5313/Eswar-Master-Project-Portfolio-2026/tree/main/01-HEXA-Data-Analytics/02-Mental-Health-in-Tech,Data Analytics & Science,Python programming; Exploratory data analysis; Data visualisation; HR policy & people ops,Python; pandas; seaborn,"Health, Fitness & Wellbeing; HR & Corporate Services",Data Analyst / BI Analyst; HR / People Operations,PDF report; Presentation deck; Code / notebook,Exploratory data analysis,Primary research (own interviews / observation),"HEXA Solutions, Ghaziabad NCR",HEXA Solutions — Data Analytics Portfolio
01-HEXA-Data-Analytics/03-Flipkart-CSAT-Analysis,Flipkart Customer Satisfaction (CSAT),HEXA Solutions — Data Analytics Portfolio,https://github.com/Eswar5313/Eswar-Master-Project-Portfolio-2026/tree/main/01-HEXA-Data-Analytics/03-Flipkart-CSAT-Analysis,Data Analytics & Science,Python programming; Exploratory data analysis; Dashboard design; Web development,Python; pandas; Chart.js; HTML,E-commerce & Quick-commerce,Data Analyst / BI Analyst; Software / Web Developer,PDF report; Presentation deck; Interactive dashboard,Exploratory data analysis,Own build (no external dataset),"HEXA Solutions, Ghaziabad NCR",HEXA Solutions — Data Analytics Portfolio
01-HEXA-Data-Analytics/04-Zomato-Restaurant-EDA,Zomato Restaurant EDA,HEXA Solutions — Data Analytics Portfolio,https://github.com/Eswar5313/Eswar-Master-Project-Portfolio-2026/tree/main/01-HEXA-Data-Analytics/04-Zomato-Restaurant-EDA,Data Analytics & Science,Python programming; Exploratory data analysis; Data visualisation,Python; pandas; seaborn,Food & Hospitality,Data Analyst / BI Analyst,PDF report; Presentation deck; Code / notebook,Exploratory data analysis,Own build (no external dataset),"HEXA Solutions, Ghaziabad NCR",HEXA Solutions — Data Analytics Portfolio
01-HEXA-Data-Analytics/05-Amazon-Prime-Catalogue-EDA,Amazon Prime Video Catalogue EDA,HEXA Solutions — Data Analytics Portfolio,https://github.com/Eswar5313/Eswar-Master-Project-Portfolio-2026/tree/main/01-HEXA-Data-Analytics/05-Amazon-Prime-Catalogue-EDA,Data Analytics & Science,Python programming; Exploratory data analysis; Data visualisation,Python; pandas; matplotlib,"E-commerce & Quick-commerce; Media, Gaming & Entertainment",Data Analyst / BI Analyst; Marketing / Growth Manager,PDF report; Presentation deck; Code / notebook,Exploratory data analysis,Own build (no external dataset),"HEXA Solutions, Ghaziabad NCR",HEXA Solutions — Data Analytics Portfolio
01-HEXA-Data-Analytics/06-Video-Game-Sales,Video Game Sales Analysis,HEXA Solutions — Data Analytics Portfolio,https://github.com/Eswar5313/Eswar-Master-Project-Portfolio-2026/tree/main/01-HEXA-Data-Analytics/06-Video-Game-Sales,Data Analytics & Science,Python programming; Exploratory data analysis; Data visualisation,Python; pandas; seaborn,"Media, Gaming & Entertainment; Retail & Consumer Brands",Data Analyst / BI Analyst; Business / Strategy Analyst,PDF report; Presentation deck; Code / notebook,Exploratory data analysis,Own build (no external dataset),"HEXA Solutions, Ghaziabad NCR",HEXA Solutions — Data Analytics Portfolio
01-HEXA-Data-Analytics/07-SQL-NSE-Stock-Market,SQL — NSE Stock Market Analysis,HEXA Solutions — Data Analytics Portfolio,https://github.com/Eswar5313/Eswar-Master-Project-Portfolio-2026/tree/main/01-HEXA-Data-Analytics/07-SQL-NSE-Stock-Market,Data Analytics & Science,Python programming; SQL & databases; Financial analysis,SQL; SQLite; Python,Fintech & Financial Services,Data Analyst / BI Analyst; Business / Strategy Analyst,PDF report; Presentation deck; Dataset,,Own build (no external dataset),"HEXA Solutions, Ghaziabad NCR",HEXA Solutions — Data Analytics Portfolio
01-HEXA-Data-Analytics/08-India-EV-Dashboard,India EV Market Dashboard,HEXA Solutions — Data Analytics Portfolio,https://github.com/Eswar5313/Eswar-Master-Project-Portfolio-2026/tree/main/01-HEXA-Data-Analytics/08-India-EV-Dashboard,Data Analytics & Science,Python programming; Excel modelling & formulas; Dashboard design; Data visualisation,Python; Tableau / Plotly; Excel,Automotive & Electric Vehicles,Data Analyst / BI Analyst; Business / Strategy Analyst; EV / Embedded / Electrical Engineer,PDF report; Excel workbook (live formulas); Presentation deck; Interactive dashboard,STP segmentation,Own build (no external dataset),"HEXA Solutions, Ghaziabad NCR",HEXA Solutions — Data Analytics Portfolio
01-HEXA-Data-Analytics/09-Airbnb-Dashboard,Airbnb Listings Dashboard,HEXA Solutions — Data Analytics Portfolio,https://github.com/Eswar5313/Eswar-Master-Project-Portfolio-2026/tree/main/01-HEXA-Data-Analytics/09-Airbnb-Dashboard,Data Analytics & Science,Python programming; Dashboard design; Data visualisation,Python; Tableau / Plotly,Real Estate; Food & Hospitality,Data Analyst / BI Analyst,PDF report; Presentation deck; Interactive dashboard,,Own build (no external dataset),"HEXA Solutions, Ghaziabad NCR",HEXA Solutions — Data Analytics Portfolio
01-HEXA-Data-Analytics/10-Strava-Fitbit-Fitness-Analytics,Strava / Fitbit Fitness Analytics,HEXA Solutions — Data Analytics Portfolio,https://github.com/Eswar5313/Eswar-Master-Project-Portfolio-2026/tree/main/01-HEXA-Data-Analytics/10-Strava-Fitbit-Fitness-Analytics,Data Analytics & Science,Python programming; Statistics & correlation,Python; pandas; scipy,"Health, Fitness & Wellbeing",Data Analyst / BI Analyst,PDF report; Presentation deck; Code / notebook,Correlation analysis,Own build (no external dataset),"HEXA Solutions, Ghaziabad NCR",HEXA Solutions — Data Analytics Portfolio
01-HEXA-Data-Analytics/11-Uber-Supply-Demand-Gap,Uber Supply–Demand Gap,HEXA Solutions — Data Analytics Portfolio,https://github.com/Eswar5313/Eswar-Master-Project-Portfolio-2026/tree/main/01-HEXA-Data-Analytics/11-Uber-Supply-Demand-Gap,Data Analytics & Science,Python programming; Exploratory data analysis; Data visualisation,Python; pandas; seaborn,Mobility & Ride-hailing,Data Analyst / BI Analyst,PDF report; Presentation deck; Code / notebook,Exploratory data analysis,Own build (no external dataset),"HEXA Solutions, Ghaziabad NCR",HEXA Solutions — Data Analytics Portfolio
01-HEXA-Data-Analytics/12-Tennis-SportRadar-API-Pipeline,Tennis SportRadar API Pipeline,HEXA Solutions — Data Analytics Portfolio,https://github.com/Eswar5313/Eswar-Master-Project-Portfolio-2026/tree/main/01-HEXA-Data-Analytics/12-Tennis-SportRadar-API-Pipeline,Data Analytics & Science,Python programming; SQL & databases; API & data pipelines,Python; REST API; SQLite; Streamlit,"Media, Gaming & Entertainment",Data Analyst / BI Analyst; Software / Web Developer,PDF report; Presentation deck; Code / notebook; Dataset,,Real public dataset / live API,"HEXA Solutions, Ghaziabad NCR",HEXA Solutions — Data Analytics Portfolio
01-HEXA-Data-Analytics/13-Dubai-House-Price-Model,Dubai House Price Model,HEXA Solutions — Data Analytics Portfolio,https://github.com/Eswar5313/Eswar-Master-Project-Portfolio-2026/tree/main/01-HEXA-Data-Analytics/13-Dubai-House-Price-Model,Data Analytics & Science,Python programming; Machine learning; Statistics & correlation; Simulation & modelling,Python; scikit-learn; pandas,Real Estate,Data Analyst / BI Analyst; Data Scientist / ML Engineer,PDF report; Presentation deck; Code / notebook,Regression modelling,Own build (no external dataset),"HEXA Solutions, Ghaziabad NCR",HEXA Solutions — Data Analytics Portfolio
02-Product-Management-Case-Studies/01-Nykaa-UX-Exploration,Nykaa App — UX Exploration & Decision Model,Product Management — Case Studies,https://github.com/Eswar5313/Eswar-Master-Project-Portfolio-2026/tree/main/02-Product-Management-Case-Studies/01-Nykaa-UX-Exploration,Product Management & Strategy,Excel modelling & formulas; User research & interviews; Prioritisation frameworks (RICE etc.); Simulation & modelling; Embedded / firmware; Graphic & vector design; Technical writing & documentation,PDF; Excel; Loom; Gamma,E-commerce & Quick-commerce,Data Analyst / BI Analyst; Product Manager / APM; Software / Web Developer; Designer (UX / Graphic),PDF report; Excel workbook (live formulas); Presentation deck; Code / notebook; Video / Loom,RICE prioritisation; Severity × Frequency matrix,Declared-synthetic / substituted data,Airtribe / self-directed,Product Management — Case Studies
02-Product-Management-Case-Studies/02-AI-Customer-Operations-Platform-B2B-SaaS,B2B SaaS Strategy — AI Customer Operations Platform,Product Management — Case Studies,https://github.com/Eswar5313/Eswar-Master-Project-Portfolio-2026/tree/main/02-Product-Management-Case-Studies/02-AI-Customer-Operations-Platform-B2B-SaaS,Product Management & Strategy,Excel modelling & formulas; Product strategy; Market sizing & competitive analysis; Financial analysis; Technical writing & documentation; Presentation & storytelling,PDF; Excel; PPTX,"IT, SaaS & AI Products",Data Analyst / BI Analyst; Data Scientist / ML Engineer; Product Manager / APM; Business / Strategy Analyst,PDF report; Excel workbook (live formulas); Presentation deck,TAM / SAM / SOM sizing; STP segmentation; Sensitivity analysis; Unit economics / ROI,Own build (no external dataset),Airtribe / self-directed,Product Management — Case Studies
02-Product-Management-Case-Studies/03-Uber-Pickup-Coordination,Uber — Proactive Pickup Guidance,Product Management — Case Studies,https://github.com/Eswar5313/Eswar-Master-Project-Portfolio-2026/tree/main/02-Product-Management-Case-Studies/03-Uber-Pickup-Coordination,Product Management & Strategy,Excel modelling & formulas; User research & interviews; Market sizing & competitive analysis; Technical writing & documentation; Presentation & storytelling,PDF; Excel; PPTX,Mobility & Ride-hailing,Data Analyst / BI Analyst; Product Manager / APM; Business / Strategy Analyst,PDF report; Excel workbook (live formulas); Presentation deck,Porter's Five Forces; TAM / SAM / SOM sizing,Primary research (own interviews / observation),Airtribe / self-directed,Product Management — Case Studies
02-Product-Management-Case-Studies/04-Zepto-AOV-Basket-Size,Zepto — Growing Basket Size / AOV,Product Management — Case Studies,https://github.com/Eswar5313/Eswar-Master-Project-Portfolio-2026/tree/main/02-Product-Management-Case-Studies/04-Zepto-AOV-Basket-Size,Product Management & Strategy,Excel modelling & formulas; Prioritisation frameworks (RICE etc.); Technical writing & documentation,PDF; Excel,E-commerce & Quick-commerce,Data Analyst / BI Analyst; Product Manager / APM; Business / Strategy Analyst; Marketing / Growth Manager,PDF report; Excel workbook (live formulas),RICE prioritisation; JTBD / Five Whys / Double Diamond; STP segmentation,Company-supplied brief / case data,Airtribe / self-directed,Product Management — Case Studies
02-Product-Management-Case-Studies/05-VitaFit-PRD-and-Core-Flows,VitaFit — PRD for Engagement & Retention Features,Product Management — Case Studies,https://github.com/Eswar5313/Eswar-Master-Project-Portfolio-2026/tree/main/02-Product-Management-Case-Studies/05-VitaFit-PRD-and-Core-Flows,Product Management & Strategy,Excel modelling & formulas; PRD & product specification; HR policy & people ops; Technical writing & documentation; Presentation & storytelling,PDF; Excel; PPTX; Figma/FigJam,"Health, Fitness & Wellbeing",Data Analyst / BI Analyst; Product Manager / APM; HR / People Operations; Designer (UX / Graphic),PDF report; Excel workbook (live formulas); Presentation deck,Holdout / A-B experiment design,Own build (no external dataset),Airtribe / self-directed,Product Management — Case Studies
02-Product-Management-Case-Studies/06-Blinkit-Strategy-Roadmap,Blinkit — Strategy & 5/10-Year Roadmap,Product Management — Case Studies,https://github.com/Eswar5313/Eswar-Master-Project-Portfolio-2026/tree/main/02-Product-Management-Case-Studies/06-Blinkit-Strategy-Roadmap,Product Management & Strategy,Product strategy; Technical writing & documentation; Presentation & storytelling,PDF; PPTX,E-commerce & Quick-commerce,Data Analyst / BI Analyst; Product Manager / APM; Business / Strategy Analyst,PDF report; Presentation deck; Dataset,,Own build (no external dataset),Airtribe / self-directed,Product Management — Case Studies
02-Product-Management-Case-Studies/07-Grocery-Delivery-Segmentation-Sprint,Grocery Delivery — STP Segmentation Sprint,Product Management — Case Studies,https://github.com/Eswar5313/Eswar-Master-Project-Portfolio-2026/tree/main/02-Product-Management-Case-Studies/07-Grocery-Delivery-Segmentation-Sprint,Product Management & Strategy,Product strategy; User research & interviews; Web development; Technical writing & documentation,PDF; HTML,E-commerce & Quick-commerce,Product Manager / APM; Business / Strategy Analyst; Software / Web Developer,PDF report; Interactive dashboard,STP segmentation,Primary research (own interviews / observation),Airtribe / self-directed,Product Management — Case Studies
02-Product-Management-Case-Studies/08-PM-Lesson-Notes-and-Trends,PM Cohort Lesson Notes & 2026 PM Trends,Product Management — Case Studies,https://github.com/Eswar5313/Eswar-Master-Project-Portfolio-2026/tree/main/02-Product-Management-Case-Studies/08-PM-Lesson-Notes-and-Trends,Product Management & Strategy,Product strategy; Technical writing & documentation; Presentation & storytelling,PDF; PPTX,Education & EdTech,Product Manager / APM; Business / Strategy Analyst,PDF report; Presentation deck,STP segmentation,Company-supplied brief / case data,Airtribe / self-directed,Product Management — Case Studies
03-Internship-Studio-Projects/01-Exam-Proctoring-AI-Panopticon,Project Panopticon — AI Exam Proctoring,Internship Studio — 16 Multi-Domain Projects,https://github.com/Eswar5313/Eswar-Master-Project-Portfolio-2026/tree/main/03-Internship-Studio-Projects/01-Exam-Proctoring-AI-Panopticon,"Software, Cloud & Web",Python programming; Machine learning,Python; pandas; scikit-learn; Jupyter,"IT, SaaS & AI Products; Education & EdTech",Data Scientist / ML Engineer,PDF report; Code / notebook; Video / Loom; Dataset,Classification (RandomForest etc.); Rolling-window feature engineering,Own build (no external dataset),Internship Studio,Internship Studio — 16 Multi-Domain Projects
03-Internship-Studio-Projects/02-Predictive-Maintenance-IoT-ML,Project Overheat — Predictive Maintenance,Internship Studio — 16 Multi-Domain Projects,https://github.com/Eswar5313/Eswar-Master-Project-Portfolio-2026/tree/main/03-Internship-Studio-Projects/02-Predictive-Maintenance-IoT-ML,Data Analytics & Science,Python programming; Machine learning; Embedded / firmware,Python; scikit-learn; Jupyter,"Manufacturing, Energy & Utilities",Data Analyst / BI Analyst; Data Scientist / ML Engineer,PDF report; Code / notebook,Classification (RandomForest etc.); Rolling-window feature engineering,Own build (no external dataset),Internship Studio,Internship Studio — 16 Multi-Domain Projects
03-Internship-Studio-Projects/03-Regression-Test-Prioritisation-APFD,OrderFlow — Regression Test Prioritisation (APFD),Internship Studio — 16 Multi-Domain Projects,https://github.com/Eswar5313/Eswar-Master-Project-Portfolio-2026/tree/main/03-Internship-Studio-Projects/03-Regression-Test-Prioritisation-APFD,"Finance, Energy & Excel Modelling",Machine learning; Statistics & correlation; Excel modelling & formulas; Prioritisation frameworks (RICE etc.); Financial analysis; Software testing & QA; Technical writing & documentation,Excel; PDF,"Fintech & Financial Services; IT, SaaS & AI Products",Data Analyst / BI Analyst; Data Scientist / ML Engineer; QA / Test Engineer,PDF report; Excel workbook (live formulas),Regression modelling; APFD test prioritisation; Set-cover suite reduction,Own build (no external dataset),Internship Studio,Internship Studio — 16 Multi-Domain Projects
03-Internship-Studio-Projects/04-Smart-Library-Management-CPP,Smart Library Management System (C++ & DSA),Internship Studio — 16 Multi-Domain Projects,https://github.com/Eswar5313/Eswar-Master-Project-Portfolio-2026/tree/main/03-Internship-Studio-Projects/04-Smart-Library-Management-CPP,"Software, Cloud & Web",Software testing & QA; C++ & data structures,C++; DSA,Education & EdTech,Software / Web Developer; QA / Test Engineer,PDF report; Code / notebook,,Own build (no external dataset),Internship Studio,Internship Studio — 16 Multi-Domain Projects
03-Internship-Studio-Projects/05-Textile-Electricity-Bill-Energy-Audit,Textile Mill — HT Electricity Bill Energy Audit,Internship Studio — 16 Multi-Domain Projects,https://github.com/Eswar5313/Eswar-Master-Project-Portfolio-2026/tree/main/03-Internship-Studio-Projects/05-Textile-Electricity-Bill-Energy-Audit,"Finance, Energy & Excel Modelling",Excel modelling & formulas; Energy auditing; Technical writing & documentation,Excel; PDF,"Manufacturing, Energy & Utilities",Data Analyst / BI Analyst; EV / Embedded / Electrical Engineer,PDF report; Excel workbook (live formulas),TOD / PF / MD tariff analysis,Own build (no external dataset),Internship Studio,Internship Studio — 16 Multi-Domain Projects
03-Internship-Studio-Projects/06-RCC-Structural-Design-IS456,RCC Structural Design (IS 456),Internship Studio — 16 Multi-Domain Projects,https://github.com/Eswar5313/Eswar-Master-Project-Portfolio-2026/tree/main/03-Internship-Studio-Projects/06-RCC-Structural-Design-IS456,"Finance, Energy & Excel Modelling",Excel modelling & formulas; Structural design; Graphic & vector design; Technical writing & documentation,Excel; PDF,Construction & Infrastructure,Data Analyst / BI Analyst; Civil / Structural Engineer; Designer (UX / Graphic),PDF report; Excel workbook (live formulas),IS 456 limit-state design,Own build (no external dataset),Internship Studio,Internship Studio — 16 Multi-Domain Projects
03-Internship-Studio-Projects/07-CartShare-Collaborative-Cart,CartShare — Collaborative Shopping Cart Web App,Internship Studio — 16 Multi-Domain Projects,https://github.com/Eswar5313/Eswar-Master-Project-Portfolio-2026/tree/main/03-Internship-Studio-Projects/07-CartShare-Collaborative-Cart,"Software, Cloud & Web",Software testing & QA; Web development,HTML; CSS; JavaScript; Playwright,E-commerce & Quick-commerce,Software / Web Developer; QA / Test Engineer,Code / notebook; Interactive dashboard; Web app / site,,Own build (no external dataset),Internship Studio,Internship Studio — 16 Multi-Domain Projects
03-Internship-Studio-Projects/08-AutoCAD-Civil-Electrical-Mechanical,AutoCAD — Civil / Electrical / Mechanical Drawings,Internship Studio — 16 Multi-Domain Projects,https://github.com/Eswar5313/Eswar-Master-Project-Portfolio-2026/tree/main/03-Internship-Studio-Projects/08-AutoCAD-Civil-Electrical-Mechanical,Civil & CAD Engineering,CAD & engineering drawing,AutoCAD; ezdxf; DXF,Construction & Infrastructure,Civil / Structural Engineer,PDF report; Drawings / vector artwork,,Own build (no external dataset),Internship Studio,Internship Studio — 16 Multi-Domain Projects
03-Internship-Studio-Projects/09-Financial-Ratio-Analysis-Aurora-Foods,Finance — Ratio Analysis & Aurora Consumer Foods,Internship Studio — 16 Multi-Domain Projects,https://github.com/Eswar5313/Eswar-Master-Project-Portfolio-2026/tree/main/03-Internship-Studio-Projects/09-Financial-Ratio-Analysis-Aurora-Foods,"Finance, Energy & Excel Modelling",Excel modelling & formulas; Financial analysis; Technical writing & documentation,Excel; PDF,Fintech & Financial Services,Data Analyst / BI Analyst; Business / Strategy Analyst,PDF report; Excel workbook (live formulas),Ratio analysis & articulated statements,Company-supplied brief / case data,Internship Studio,Internship Studio — 16 Multi-Domain Projects
03-Internship-Studio-Projects/10-Multi-Region-Sales-Dashboard-Excel,Excel — Multi-Region Sales Dashboard,Internship Studio — 16 Multi-Domain Projects,https://github.com/Eswar5313/Eswar-Master-Project-Portfolio-2026/tree/main/03-Internship-Studio-Projects/10-Multi-Region-Sales-Dashboard-Excel,"Finance, Energy & Excel Modelling",Excel modelling & formulas; Dashboard design; Financial analysis,Excel,Retail & Consumer Brands,Data Analyst / BI Analyst,PDF report; Excel workbook (live formulas); Interactive dashboard,,Declared-synthetic / substituted data,Internship Studio,Internship Studio — 16 Multi-Domain Projects
03-Internship-Studio-Projects/11-HR-Policy-Framework-Onboarding-Engagement,"HR — Policy Framework, Onboarding & Engagement",Internship Studio — 16 Multi-Domain Projects,https://github.com/Eswar5313/Eswar-Master-Project-Portfolio-2026/tree/main/03-Internship-Studio-Projects/11-HR-Policy-Framework-Onboarding-Engagement,"Finance, Energy & Excel Modelling",Excel modelling & formulas; Financial analysis; HR policy & people ops; Technical writing & documentation,Word/PDF; Excel,Fintech & Financial Services; HR & Corporate Services,Data Analyst / BI Analyst; HR / People Operations,PDF report; Excel workbook (live formulas),,Own build (no external dataset),Internship Studio,Internship Studio — 16 Multi-Domain Projects
03-Internship-Studio-Projects/12-Student-Performance-ML-Regression,ML — Student Performance Regression,Internship Studio — 16 Multi-Domain Projects,https://github.com/Eswar5313/Eswar-Master-Project-Portfolio-2026/tree/main/03-Internship-Studio-Projects/12-Student-Performance-ML-Regression,"Software, Cloud & Web",Python programming; Machine learning; Statistics & correlation; Technical writing & documentation,Python; scikit-learn; Jupyter,Education & EdTech,Data Scientist / ML Engineer,PDF report; Code / notebook,Regression modelling,Real public dataset / live API,Internship Studio,Internship Studio — 16 Multi-Domain Projects
03-Internship-Studio-Projects/13-AWS-EC2-S3-NodeJS-ROS-Deployment,AWS — EC2 + S3 Node.js app & ROS Noetic deployment,Internship Studio — 16 Multi-Domain Projects,https://github.com/Eswar5313/Eswar-Master-Project-Portfolio-2026/tree/main/03-Internship-Studio-Projects/13-AWS-EC2-S3-NodeJS-ROS-Deployment,"Software, Cloud & Web",Web development; Cloud deployment,AWS EC2; S3; Node.js; ROS,Cloud & DevOps,Software / Web Developer; Cloud / DevOps Engineer,PDF report; Code / notebook; Web app / site,,Declared-synthetic / substituted data,Internship Studio,Internship Studio — 16 Multi-Domain Projects
03-Internship-Studio-Projects/14-Employee-Wellbeing-Program-TechX,Corporate Psychology — TechX Thrive Wellbeing Program,Internship Studio — 16 Multi-Domain Projects,https://github.com/Eswar5313/Eswar-Master-Project-Portfolio-2026/tree/main/03-Internship-Studio-Projects/14-Employee-Wellbeing-Program-TechX,"Finance, Energy & Excel Modelling",Excel modelling & formulas; Financial analysis; HR policy & people ops; Graphic & vector design; Technical writing & documentation,PDF; Excel,"Fintech & Financial Services; Health, Fitness & Wellbeing; HR & Corporate Services",Data Analyst / BI Analyst; HR / People Operations; Designer (UX / Graphic),PDF report; Excel workbook (live formulas),Holdout / A-B experiment design; Difference-in-differences,Own build (no external dataset),Internship Studio,Internship Studio — 16 Multi-Domain Projects
03-Internship-Studio-Projects/15-Illustrator-Vector-Design-Portfolio,Adobe Illustrator — Vector Design Portfolio,Internship Studio — 16 Multi-Domain Projects,https://github.com/Eswar5313/Eswar-Master-Project-Portfolio-2026/tree/main/03-Internship-Studio-Projects/15-Illustrator-Vector-Design-Portfolio,"Design, Marketing & Content",Graphic & vector design; Technical writing & documentation,Illustrator; SVG,Fintech & Financial Services; Food & Hospitality; Career & Personal Branding,Designer (UX / Graphic),PDF report; Drawings / vector artwork,,Own build (no external dataset),Internship Studio,Internship Studio — 16 Multi-Domain Projects
03-Internship-Studio-Projects/16-EcoStyle-Facebook-Ads-Campaign-Plan,Digital Marketing — EcoStyle Facebook Ads Campaign,Internship Studio — 16 Multi-Domain Projects,https://github.com/Eswar5313/Eswar-Master-Project-Portfolio-2026/tree/main/03-Internship-Studio-Projects/16-EcoStyle-Facebook-Ads-Campaign-Plan,"Finance, Energy & Excel Modelling",Excel modelling & formulas; Financial analysis; Digital marketing; Graphic & vector design; Technical writing & documentation,Excel; PDF; Design,Retail & Consumer Brands,Data Analyst / BI Analyst; Business / Strategy Analyst; Marketing / Growth Manager; Designer (UX / Graphic),PDF report; Excel workbook (live formulas); Drawings / vector artwork,ROAS / CPA campaign modelling,Company-supplied brief / case data,Internship Studio,Internship Studio — 16 Multi-Domain Projects
04-Codec-Technologies-EV-and-Cyber/EV-01-BMS-Simulation,EV 01 — Battery Management System (BMS) Simulation,Codec Technologies — 4 tracks (EV 10 · Cyber 20 · VLSI 10 · Robotics 10),https://github.com/Eswar5313/Codec-Technologies-Internship-Portfolio-2026/blob/main/Electric-Vehicle/reports/01_BMS_Simulation.pdf,Electric Vehicles & Embedded Engineering,Python programming; Simulation & modelling,NumPy; Python; SciPy,Automotive & Electric Vehicles,EV / Embedded / Electrical Engineer,Code / notebook; PDF report,Extended Kalman Filter,Own build (no external dataset),Codec Technologies India,Codec Technologies — 4 tracks (EV 10 · Cyber 20 · VLSI 10 · Robotics 10)
04-Codec-Technologies-EV-and-Cyber/EV-02-Charging-Station-Locator-App,EV 02 — EV Charging Station Locator App,Codec Technologies — 4 tracks (EV 10 · Cyber 20 · VLSI 10 · Robotics 10),https://github.com/Eswar5313/Codec-Technologies-Internship-Portfolio-2026/blob/main/Electric-Vehicle/reports/02_EV_Charging_Station_Locator_App.pdf,Electric Vehicles & Embedded Engineering,Software testing & QA; Web development,Expo; Google Maps; Jest; React Native; TypeScript,Automotive & Electric Vehicles,EV / Embedded / Electrical Engineer; Software / Web Developer; QA / Test Engineer,Code / notebook; PDF report; Web app / site,,Own build (no external dataset),Codec Technologies India,Codec Technologies — 4 tracks (EV 10 · Cyber 20 · VLSI 10 · Robotics 10)
04-Codec-Technologies-EV-and-Cyber/EV-03-Solar-EV-Charging-Station,EV 03 — Solar-Powered EV Charging Station Design,Codec Technologies — 4 tracks (EV 10 · Cyber 20 · VLSI 10 · Robotics 10),https://github.com/Eswar5313/Codec-Technologies-Internship-Portfolio-2026/blob/main/Electric-Vehicle/reports/03_Solar_Powered_EV_Charging_Station.pdf,Electric Vehicles & Embedded Engineering,Python programming; API & data pipelines; Simulation & modelling; Graphic & vector design,NASA POWER; NASA POWER API; Python; openpyxl,"Automotive & Electric Vehicles; Manufacturing, Energy & Utilities",Data Analyst / BI Analyst; EV / Embedded / Electrical Engineer; Designer (UX / Graphic),Code / notebook; Dataset; PDF report,,Real public dataset / live API,Codec Technologies India,Codec Technologies — 4 tracks (EV 10 · Cyber 20 · VLSI 10 · Robotics 10)
04-Codec-Technologies-EV-and-Cyber/EV-04-AI-Driving-Efficiency-Optimizer,EV 04 — AI-Powered Driving Efficiency Optimizer,Codec Technologies — 4 tracks (EV 10 · Cyber 20 · VLSI 10 · Robotics 10),https://github.com/Eswar5313/Codec-Technologies-Internship-Portfolio-2026/blob/main/Electric-Vehicle/reports/04_AI_Driving_Efficiency_Optimizer.pdf,Electric Vehicles & Embedded Engineering,Python programming; Machine learning; Simulation & modelling,Jupyter; Python; Scikit-learn; scikit-learn,"Automotive & Electric Vehicles; IT, SaaS & AI Products",Data Scientist / ML Engineer; EV / Embedded / Electrical Engineer,Code / notebook; PDF report,Regression modelling,Declared-synthetic / substituted data,Codec Technologies India,Codec Technologies — 4 tracks (EV 10 · Cyber 20 · VLSI 10 · Robotics 10)
04-Codec-Technologies-EV-and-Cyber/EV-05-Drivetrain-Modeling,EV 05 — EV Drivetrain Modeling & Simulation,Codec Technologies — 4 tracks (EV 10 · Cyber 20 · VLSI 10 · Robotics 10),https://github.com/Eswar5313/Codec-Technologies-Internship-Portfolio-2026/blob/main/Electric-Vehicle/reports/05_EV_Drivetrain_Modeling_Simulation.pdf,Electric Vehicles & Embedded Engineering,Python programming; Simulation & modelling; Energy auditing,Inverter; Motors; Python,"Automotive & Electric Vehicles; Manufacturing, Energy & Utilities",EV / Embedded / Electrical Engineer,Code / notebook; PDF report,,Company-supplied brief / case data,Codec Technologies India,Codec Technologies — 4 tracks (EV 10 · Cyber 20 · VLSI 10 · Robotics 10)
04-Codec-Technologies-EV-and-Cyber/EV-06-IoT-EV-Health-Dashboard,EV 06 — IoT-Based EV Health Monitoring System,Codec Technologies — 4 tracks (EV 10 · Cyber 20 · VLSI 10 · Robotics 10),https://github.com/Eswar5313/Codec-Technologies-Internship-Portfolio-2026/blob/main/Electric-Vehicle/reports/06_IoT_EV_Health_Monitoring_System.pdf,Electric Vehicles & Embedded Engineering,Python programming; Dashboard design; API & data pipelines; Embedded / firmware,Dashboard; ESP8266; Flask; IoT; Python,"Automotive & Electric Vehicles; Health, Fitness & Wellbeing; Manufacturing, Energy & Utilities",Data Analyst / BI Analyst; EV / Embedded / Electrical Engineer,Code / notebook; Interactive dashboard; PDF report,,Own build (no external dataset),Codec Technologies India,Codec Technologies — 4 tracks (EV 10 · Cyber 20 · VLSI 10 · Robotics 10)
04-Codec-Technologies-EV-and-Cyber/EV-07-EV-Lifecycle-Analysis,EV 07 — Lifecycle Analysis of an Electric Vehicle,Codec Technologies — 4 tracks (EV 10 · Cyber 20 · VLSI 10 · Robotics 10),https://github.com/Eswar5313/Codec-Technologies-Internship-Portfolio-2026/blob/main/Electric-Vehicle/reports/07_EV_Lifecycle_Analysis.pdf,Electric Vehicles & Embedded Engineering,Python programming,ICCT/CEA; LCA; Python,Automotive & Electric Vehicles,EV / Embedded / Electrical Engineer,Code / notebook; PDF report,Life-cycle assessment,Own build (no external dataset),Codec Technologies India,Codec Technologies — 4 tracks (EV 10 · Cyber 20 · VLSI 10 · Robotics 10)
04-Codec-Technologies-EV-and-Cyber/EV-08-Smart-Traffic-Light-EV-Priority,EV 08 — Smart Traffic Light with EV Priority,Codec Technologies — 4 tracks (EV 10 · Cyber 20 · VLSI 10 · Robotics 10),https://github.com/Eswar5313/Codec-Technologies-Internship-Portfolio-2026/blob/main/Electric-Vehicle/reports/08_Smart_Traffic_Light_EV_Priority.pdf,Electric Vehicles & Embedded Engineering,Python programming; Simulation & modelling; Embedded / firmware,Arduino; Python; RFID/GPS; SimPy,Automotive & Electric Vehicles; Construction & Infrastructure,EV / Embedded / Electrical Engineer,Code / notebook; PDF report,,Own build (no external dataset),Codec Technologies India,Codec Technologies — 4 tracks (EV 10 · Cyber 20 · VLSI 10 · Robotics 10)
04-Codec-Technologies-EV-and-Cyber/EV-09-Wireless-Charging-Design,EV 09 — Wireless Charging System Design,Codec Technologies — 4 tracks (EV 10 · Cyber 20 · VLSI 10 · Robotics 10),https://github.com/Eswar5313/Codec-Technologies-Internship-Portfolio-2026/blob/main/Electric-Vehicle/reports/09_Wireless_Charging_System_Design.pdf,Electric Vehicles & Embedded Engineering,Python programming; Graphic & vector design,Coils; Python; SAE J2954,"Automotive & Electric Vehicles; Manufacturing, Energy & Utilities",EV / Embedded / Electrical Engineer; Designer (UX / Graphic),Code / notebook; PDF report,,Company-supplied brief / case data,Codec Technologies India,Codec Technologies — 4 tracks (EV 10 · Cyber 20 · VLSI 10 · Robotics 10)
04-Codec-Technologies-EV-and-Cyber/EV-10-EV-Market-Forecast-Dashboard,EV 10 — EV Market Forecast Dashboard,Codec Technologies — 4 tracks (EV 10 · Cyber 20 · VLSI 10 · Robotics 10),https://github.com/Eswar5313/Codec-Technologies-Internship-Portfolio-2026/blob/main/Electric-Vehicle/reports/10_EV_Market_Forecast_Dashboard.pdf,Electric Vehicles & Embedded Engineering,Python programming; Dashboard design; Data visualisation; API & data pipelines; Web development,IEA API; IEA data; Plotly Dash; Python,Automotive & Electric Vehicles,Data Analyst / BI Analyst; Business / Strategy Analyst; EV / Embedded / Electrical Engineer; Software / Web Developer,Code / notebook; Dataset; Interactive dashboard; PDF report,"Forecasting (moving average, logistic, Bass)",Real public dataset / live API,Codec Technologies India,Codec Technologies — 4 tracks (EV 10 · Cyber 20 · VLSI 10 · Robotics 10)
04-Codec-Technologies-EV-and-Cyber/CYBER-01-Project,Cyber 01 — VAPT Lab,Codec Technologies — 4 tracks (EV 10 · Cyber 20 · VLSI 10 · Robotics 10),https://github.com/Eswar5313/Codec-Technologies-Internship-Portfolio-2026/blob/main/Cyber-Security/reports/01_VAPT_Lab.pdf,Cyber Security (Defensive),Python programming; Security analysis (defensive); Web development,Python; Nmap; Web vulns,Cyber Security,Security Analyst (SOC / Blue Team),Code / notebook; PDF report; Web app / site,,Own build (no external dataset),Codec Technologies India,Codec Technologies — 4 tracks (EV 10 · Cyber 20 · VLSI 10 · Robotics 10)
04-Codec-Technologies-EV-and-Cyber/CYBER-02-Project,Cyber 02 — Personal Firewall,Codec Technologies — 4 tracks (EV 10 · Cyber 20 · VLSI 10 · Robotics 10),https://github.com/Eswar5313/Codec-Technologies-Internship-Portfolio-2026/blob/main/Cyber-Security/reports/02_Personal_Firewall.pdf,Cyber Security (Defensive),Python programming; Security analysis (defensive),Python; scapy; iptables,Cyber Security,Security Analyst (SOC / Blue Team),Code / notebook; PDF report,,Own build (no external dataset),Codec Technologies India,Codec Technologies — 4 tracks (EV 10 · Cyber 20 · VLSI 10 · Robotics 10)
04-Codec-Technologies-EV-and-Cyber/CYBER-03-Intrusion-Detection-NSL-KDD,Cyber 03 — Intrusion Detection System (ML),Codec Technologies — 4 tracks (EV 10 · Cyber 20 · VLSI 10 · Robotics 10),https://github.com/Eswar5313/Codec-Technologies-Internship-Portfolio-2026/blob/main/Cyber-Security/reports/03_IDS_ML.pdf,Cyber Security (Defensive),Python programming; Machine learning; Security analysis (defensive); Technical writing & documentation,Python; Scikit-learn; NSL-KDD,Cyber Security,Data Analyst / BI Analyst; Data Scientist / ML Engineer; Security Analyst (SOC / Blue Team),Code / notebook; PDF report,Classification (RandomForest etc.),Real public dataset / live API,Codec Technologies India,Codec Technologies — 4 tracks (EV 10 · Cyber 20 · VLSI 10 · Robotics 10)
04-Codec-Technologies-EV-and-Cyber/CYBER-04-Phishing-Detection-and-Awareness,Cyber 04 — Phishing Detection & Awareness,Codec Technologies — 4 tracks (EV 10 · Cyber 20 · VLSI 10 · Robotics 10),https://github.com/Eswar5313/Codec-Technologies-Internship-Portfolio-2026/blob/main/Cyber-Security/reports/04_Phishing_Detection_and_Awareness.pdf,Cyber Security (Defensive),Python programming; Security analysis (defensive); Machine learning,Python; ML; SPF/DKIM/DMARC,Cyber Security,Data Analyst / BI Analyst; Security Analyst (SOC / Blue Team),Code / notebook; PDF report,Classification (RandomForest etc.),Declared-synthetic / substituted data,Codec Technologies India,Codec Technologies — 4 tracks (EV 10 · Cyber 20 · VLSI 10 · Robotics 10)
04-Codec-Technologies-EV-and-Cyber/CYBER-05-Project,Cyber 05 — Secure Web Application,Codec Technologies — 4 tracks (EV 10 · Cyber 20 · VLSI 10 · Robotics 10),https://github.com/Eswar5313/Codec-Technologies-Internship-Portfolio-2026/blob/main/Cyber-Security/reports/05_Secure_Web_Application.pdf,Cyber Security (Defensive),Python programming; Security analysis (defensive); Web development,Python; Flask; OWASP,Cyber Security,Security Analyst (SOC / Blue Team),Code / notebook; PDF report; Web app / site,,Own build (no external dataset),Codec Technologies India,Codec Technologies — 4 tracks (EV 10 · Cyber 20 · VLSI 10 · Robotics 10)
04-Codec-Technologies-EV-and-Cyber/CYBER-06-Project,Cyber 06 — Cryptography Algorithms,Codec Technologies — 4 tracks (EV 10 · Cyber 20 · VLSI 10 · Robotics 10),https://github.com/Eswar5313/Codec-Technologies-Internship-Portfolio-2026/blob/main/Cyber-Security/reports/06_Cryptography_Algorithms.pdf,Cyber Security (Defensive),Python programming; Security analysis (defensive),Python; AES; RSA,Cyber Security,Security Analyst (SOC / Blue Team),Code / notebook; PDF report,,Own build (no external dataset),Codec Technologies India,Codec Technologies — 4 tracks (EV 10 · Cyber 20 · VLSI 10 · Robotics 10)
04-Codec-Technologies-EV-and-Cyber/CYBER-07-Project,Cyber 07 — Password Hashing & Cracking,Codec Technologies — 4 tracks (EV 10 · Cyber 20 · VLSI 10 · Robotics 10),https://github.com/Eswar5313/Codec-Technologies-Internship-Portfolio-2026/blob/main/Cyber-Security/reports/07_Password_Hashing_and_Cracking.pdf,Cyber Security (Defensive),Python programming; Security analysis (defensive),Python; Hashing; bcrypt,Cyber Security,Security Analyst (SOC / Blue Team),Code / notebook; PDF report,,Own build (no external dataset),Codec Technologies India,Codec Technologies — 4 tracks (EV 10 · Cyber 20 · VLSI 10 · Robotics 10)
04-Codec-Technologies-EV-and-Cyber/CYBER-08-Project,Cyber 08 — Network Traffic Analysis,Codec Technologies — 4 tracks (EV 10 · Cyber 20 · VLSI 10 · Robotics 10),https://github.com/Eswar5313/Codec-Technologies-Internship-Portfolio-2026/blob/main/Cyber-Security/reports/08_Network_Traffic_Analysis.pdf,Cyber Security (Defensive),Python programming; Security analysis (defensive),Python; scapy; PCAP,Cyber Security,Security Analyst (SOC / Blue Team),Code / notebook; PDF report,,Own build (no external dataset),Codec Technologies India,Codec Technologies — 4 tracks (EV 10 · Cyber 20 · VLSI 10 · Robotics 10)
04-Codec-Technologies-EV-and-Cyber/CYBER-09-Project,Cyber 09 — Incident Response Playbook,Codec Technologies — 4 tracks (EV 10 · Cyber 20 · VLSI 10 · Robotics 10),https://github.com/Eswar5313/Codec-Technologies-Internship-Portfolio-2026/blob/main/Cyber-Security/reports/09_Incident_Response_Playbook.pdf,Cyber Security (Defensive),Python programming; Security analysis (defensive),Python; NIST; MITRE ATT&CK,Cyber Security,Security Analyst (SOC / Blue Team),Code / notebook; PDF report,,Own build (no external dataset),Codec Technologies India,Codec Technologies — 4 tracks (EV 10 · Cyber 20 · VLSI 10 · Robotics 10)
04-Codec-Technologies-EV-and-Cyber/CYBER-10-Project,Cyber 10 — Honeypot,Codec Technologies — 4 tracks (EV 10 · Cyber 20 · VLSI 10 · Robotics 10),https://github.com/Eswar5313/Codec-Technologies-Internship-Portfolio-2026/blob/main/Cyber-Security/reports/10_Honeypot.pdf,Cyber Security (Defensive),Python programming; Security analysis (defensive),Python; Honeypot; Threat intel,Cyber Security,Security Analyst (SOC / Blue Team),Code / notebook; PDF report,,Own build (no external dataset),Codec Technologies India,Codec Technologies — 4 tracks (EV 10 · Cyber 20 · VLSI 10 · Robotics 10)
04-Codec-Technologies-EV-and-Cyber/CYBER-11-Project,Cyber 11 — Mobile App Security Testing Framework,Codec Technologies — 4 tracks (EV 10 · Cyber 20 · VLSI 10 · Robotics 10),https://github.com/Eswar5313/Codec-Technologies-Internship-Portfolio-2026/blob/main/Cyber-Security/reports/11_Mobile_App_Security_Testing_Framework.pdf,Cyber Security (Defensive),Python programming; Security analysis (defensive); Web development,Python; Android; OWASP Mobile,Cyber Security,Security Analyst (SOC / Blue Team),Code / notebook; PDF report; Web app / site,,Own build (no external dataset),Codec Technologies India,Codec Technologies — 4 tracks (EV 10 · Cyber 20 · VLSI 10 · Robotics 10)
04-Codec-Technologies-EV-and-Cyber/CYBER-12-Project,Cyber 12 — IoT Device Pentest Lab,Codec Technologies — 4 tracks (EV 10 · Cyber 20 · VLSI 10 · Robotics 10),https://github.com/Eswar5313/Codec-Technologies-Internship-Portfolio-2026/blob/main/Cyber-Security/reports/12_IoT_Device_Pentest_Lab.pdf,Cyber Security (Defensive),Python programming; Security analysis (defensive),Python; IoT; Default creds,Cyber Security,Security Analyst (SOC / Blue Team),Code / notebook; PDF report,,Own build (no external dataset),Codec Technologies India,Codec Technologies — 4 tracks (EV 10 · Cyber 20 · VLSI 10 · Robotics 10)
04-Codec-Technologies-EV-and-Cyber/CYBER-13-Ransomware-Behaviour-Detector,Cyber 13 — Ransomware Behaviour Detection,Codec Technologies — 4 tracks (EV 10 · Cyber 20 · VLSI 10 · Robotics 10),https://github.com/Eswar5313/Codec-Technologies-Internship-Portfolio-2026/blob/main/Cyber-Security/reports/13_Ransomware_Behaviour_Detection.pdf,Cyber Security (Defensive),Python programming; Security analysis (defensive),Python; Detection; Canary,Cyber Security,Security Analyst (SOC / Blue Team),Code / notebook; PDF report,,Declared-synthetic / substituted data,Codec Technologies India,Codec Technologies — 4 tracks (EV 10 · Cyber 20 · VLSI 10 · Robotics 10)
04-Codec-Technologies-EV-and-Cyber/CYBER-14-Credential-Leak-Threat-Intel-Monitor,Cyber 14 — Threat-Intel Credential-Leak Monitor,Codec Technologies — 4 tracks (EV 10 · Cyber 20 · VLSI 10 · Robotics 10),https://github.com/Eswar5313/Codec-Technologies-Internship-Portfolio-2026/blob/main/Cyber-Security/reports/14_Threat_Intel_Credential_Leak_Monitor.pdf,Cyber Security (Defensive),Python programming; Security analysis (defensive); Web development,Python; k-anonymity; OSINT,Cyber Security,Security Analyst (SOC / Blue Team); Software / Web Developer,Code / notebook; PDF report; Web app / site,k-anonymity,Declared-synthetic / substituted data,Codec Technologies India,Codec Technologies — 4 tracks (EV 10 · Cyber 20 · VLSI 10 · Robotics 10)
04-Codec-Technologies-EV-and-Cyber/CYBER-15-SMS-Spam-Classifier,Cyber 15 — Email Security Gateway,Codec Technologies — 4 tracks (EV 10 · Cyber 20 · VLSI 10 · Robotics 10),https://github.com/Eswar5313/Codec-Technologies-Internship-Portfolio-2026/blob/main/Cyber-Security/reports/15_Email_Security_Gateway.pdf,Cyber Security (Defensive),Python programming; Machine learning; Security analysis (defensive); Technical writing & documentation,Python; Email; Scikit-learn,Cyber Security,Data Scientist / ML Engineer; Security Analyst (SOC / Blue Team),Code / notebook; PDF report,Classification (RandomForest etc.),Real public dataset / live API,Codec Technologies India,Codec Technologies — 4 tracks (EV 10 · Cyber 20 · VLSI 10 · Robotics 10)
04-Codec-Technologies-EV-and-Cyber/CYBER-16-Project,Cyber 16 — Browser Exploit Detection Toolkit,Codec Technologies — 4 tracks (EV 10 · Cyber 20 · VLSI 10 · Robotics 10),https://github.com/Eswar5313/Codec-Technologies-Internship-Portfolio-2026/blob/main/Cyber-Security/reports/16_Browser_Exploit_Detection_Toolkit.pdf,Cyber Security (Defensive),Python programming; Security analysis (defensive),Python; XSS; CSP,Cyber Security,Security Analyst (SOC / Blue Team),Code / notebook; PDF report,,Own build (no external dataset),Codec Technologies India,Codec Technologies — 4 tracks (EV 10 · Cyber 20 · VLSI 10 · Robotics 10)
04-Codec-Technologies-EV-and-Cyber/CYBER-17-Project,Cyber 17 — Digital Forensics Toolkit,Codec Technologies — 4 tracks (EV 10 · Cyber 20 · VLSI 10 · Robotics 10),https://github.com/Eswar5313/Codec-Technologies-Internship-Portfolio-2026/blob/main/Cyber-Security/reports/17_Digital_Forensics_Toolkit.pdf,Cyber Security (Defensive),Python programming; Security analysis (defensive); Technical writing & documentation,Python; Forensics; Carving,Cyber Security,Security Analyst (SOC / Blue Team),Code / notebook; PDF report,,Own build (no external dataset),Codec Technologies India,Codec Technologies — 4 tracks (EV 10 · Cyber 20 · VLSI 10 · Robotics 10)
04-Codec-Technologies-EV-and-Cyber/CYBER-18-Project,Cyber 18 — Secure File Sharing Platform,Codec Technologies — 4 tracks (EV 10 · Cyber 20 · VLSI 10 · Robotics 10),https://github.com/Eswar5313/Codec-Technologies-Internship-Portfolio-2026/blob/main/Cyber-Security/reports/18_Secure_File_Sharing_Platform.pdf,Cyber Security (Defensive),Python programming; Security analysis (defensive); Web development,Python; AES-GCM; RSA,Cyber Security,Security Analyst (SOC / Blue Team),Code / notebook; PDF report; Web app / site,,Own build (no external dataset),Codec Technologies India,Codec Technologies — 4 tracks (EV 10 · Cyber 20 · VLSI 10 · Robotics 10)
04-Codec-Technologies-EV-and-Cyber/CYBER-19-Project,Cyber 19 — Insider Threat Detection,Codec Technologies — 4 tracks (EV 10 · Cyber 20 · VLSI 10 · Robotics 10),https://github.com/Eswar5313/Codec-Technologies-Internship-Portfolio-2026/blob/main/Cyber-Security/reports/19_Insider_Threat_Detection.pdf,Cyber Security (Defensive),Python programming; Security analysis (defensive); Machine learning,Python; UBA; IsolationForest,Cyber Security,Security Analyst (SOC / Blue Team),Code / notebook; PDF report,Classification (RandomForest etc.),Own build (no external dataset),Codec Technologies India,Codec Technologies — 4 tracks (EV 10 · Cyber 20 · VLSI 10 · Robotics 10)
04-Codec-Technologies-EV-and-Cyber/CYBER-20-Project,Cyber 20 — CTF Platform,Codec Technologies — 4 tracks (EV 10 · Cyber 20 · VLSI 10 · Robotics 10),https://github.com/Eswar5313/Codec-Technologies-Internship-Portfolio-2026/blob/main/Cyber-Security/reports/20_CTF_Platform.pdf,Cyber Security (Defensive),Python programming; Security analysis (defensive); Web development; Technical writing & documentation,Python; Flask; CTF,Cyber Security,Security Analyst (SOC / Blue Team),Code / notebook; PDF report; Web app / site,,Own build (no external dataset),Codec Technologies India,Codec Technologies — 4 tracks (EV 10 · Cyber 20 · VLSI 10 · Robotics 10)
05-Excel-Data-Analytics-Module/01-Data-Exploration,Assignment 1 — Data Exploration,Data Analytics Module 1 — Excel Mastery,https://github.com/Eswar5313/Eswar-Master-Project-Portfolio-2026/tree/main/05-Excel-Data-Analytics-Module/01-Data-Exploration,"Finance, Energy & Excel Modelling",Excel modelling & formulas; Dashboard design; User research & interviews,Excel,Cross-industry,Data Analyst / BI Analyst,PDF report; Excel workbook (live formulas); Interactive dashboard; Dataset,,Primary research (own interviews / observation),Data Analytics program,Data Analytics Module 1 — Excel Mastery
05-Excel-Data-Analytics-Module/02-Data-Cleaning-Pipeline,Assignment 2 — Data Cleaning Pipeline,Data Analytics Module 1 — Excel Mastery,https://github.com/Eswar5313/Eswar-Master-Project-Portfolio-2026/tree/main/05-Excel-Data-Analytics-Module/02-Data-Cleaning-Pipeline,"Finance, Energy & Excel Modelling",Excel modelling & formulas; API & data pipelines; Technical writing & documentation,Excel; PDF,Career & Personal Branding,Data Analyst / BI Analyst,PDF report; Excel workbook (live formulas); Dataset,,Company-supplied brief / case data,Data Analytics program,Data Analytics Module 1 — Excel Mastery
05-Excel-Data-Analytics-Module/03-Advanced-Analysis-Lookups-Pivots-Dashboard,Assignment 3 — Advanced Analysis,Data Analytics Module 1 — Excel Mastery,https://github.com/Eswar5313/Eswar-Master-Project-Portfolio-2026/tree/main/05-Excel-Data-Analytics-Module/03-Advanced-Analysis-Lookups-Pivots-Dashboard,"Finance, Energy & Excel Modelling",Excel modelling & formulas; Dashboard design; Data visualisation; Technical writing & documentation,Excel; PDF,Cross-industry,Data Analyst / BI Analyst,PDF report; Excel workbook (live formulas); Interactive dashboard,Pivot / cross-tab analysis; Lookup modelling (VLOOKUP/INDEX-MATCH),Company-supplied brief / case data,Data Analytics program,Data Analytics Module 1 — Excel Mastery
05-Excel-Data-Analytics-Module/04-All-In-One-Workbook-and-Submission,All-in-One Workbook + Submission Package,Data Analytics Module 1 — Excel Mastery,https://github.com/Eswar5313/Eswar-Master-Project-Portfolio-2026/tree/main/05-Excel-Data-Analytics-Module/04-All-In-One-Workbook-and-Submission,"Finance, Energy & Excel Modelling",Excel modelling & formulas; Data visualisation; Technical writing & documentation,Excel; PDF,Cross-industry,Data Analyst / BI Analyst,PDF report; Excel workbook (live formulas),Lookup modelling (VLOOKUP/INDEX-MATCH),Own build (no external dataset),Data Analytics program,Data Analytics Module 1 — Excel Mastery
06-Personal-Builds-and-Sites/01-Career-Control-Tower-GitHub-Profile,Career Control Tower — GitHub Profile Dashboard,"Personal Builds — Tools, Portfolio Sites & Blogs",https://github.com/Eswar5313/Eswar-Master-Project-Portfolio-2026/tree/main/06-Personal-Builds-and-Sites/01-Career-Control-Tower-GitHub-Profile,"Design, Marketing & Content",Dashboard design; Technical writing & documentation,Markdown; Mermaid; GitHub,Career & Personal Branding,Data Analyst / BI Analyst; Marketing / Growth Manager,,,Own build (no external dataset),Self-initiated,"Personal Builds — Tools, Portfolio Sites & Blogs"
06-Personal-Builds-and-Sites/02-Portfolio-Websites,Portfolio Websites (5 themes),"Personal Builds — Tools, Portfolio Sites & Blogs",https://github.com/Eswar5313/Eswar-Master-Project-Portfolio-2026/tree/main/06-Personal-Builds-and-Sites/02-Portfolio-Websites,"Design, Marketing & Content",Web development; Cloud deployment,HTML; CSS; JS; Next.js; Netlify; Vercel,Career & Personal Branding,Software / Web Developer; Cloud / DevOps Engineer; Marketing / Growth Manager,Interactive dashboard; Web app / site,,Own build (no external dataset),Self-initiated,"Personal Builds — Tools, Portfolio Sites & Blogs"
06-Personal-Builds-and-Sites/03-Application-Engine,Eswar Application Engine,"Personal Builds — Tools, Portfolio Sites & Blogs",https://github.com/Eswar5313/Eswar-Master-Project-Portfolio-2026/tree/main/06-Personal-Builds-and-Sites/03-Application-Engine,Electric Vehicles & Embedded Engineering,API & data pipelines; Embedded / firmware; Web development,HTML; JS,Career & Personal Branding,Software / Web Developer,Interactive dashboard,,Own build (no external dataset),Self-initiated,"Personal Builds — Tools, Portfolio Sites & Blogs"
06-Personal-Builds-and-Sites/04-Career-Tool-Suite,Career Tool Suite (Netlify),"Personal Builds — Tools, Portfolio Sites & Blogs",https://github.com/Eswar5313/Eswar-Master-Project-Portfolio-2026/tree/main/06-Personal-Builds-and-Sites/04-Career-Tool-Suite,"Software, Cloud & Web",Web development; Cloud deployment,HTML; JS; Netlify,E-commerce & Quick-commerce; Career & Personal Branding,Software / Web Developer; Cloud / DevOps Engineer,Interactive dashboard,,Own build (no external dataset),Self-initiated,"Personal Builds — Tools, Portfolio Sites & Blogs"
06-Personal-Builds-and-Sites/05-Master-Financial-Ledger,Master Financial Ledger,"Personal Builds — Tools, Portfolio Sites & Blogs",https://github.com/Eswar5313/Eswar-Master-Project-Portfolio-2026/tree/main/06-Personal-Builds-and-Sites/05-Master-Financial-Ledger,"Software, Cloud & Web",Dashboard design; Financial analysis; Web development,HTML; JS; Tesseract.js,"Fintech & Financial Services; IT, SaaS & AI Products",Data Analyst / BI Analyst; Data Scientist / ML Engineer; Software / Web Developer,Interactive dashboard,,Own build (no external dataset),Self-initiated,"Personal Builds — Tools, Portfolio Sites & Blogs"
06-Personal-Builds-and-Sites/06-All-In-One-Project-Register,All-in-One Project Register,"Personal Builds — Tools, Portfolio Sites & Blogs",https://github.com/Eswar5313/Eswar-Master-Project-Portfolio-2026/tree/main/06-Personal-Builds-and-Sites/06-All-In-One-Project-Register,Product Management & Strategy,Excel modelling & formulas; Dashboard design; Web development; Technical writing & documentation,PDF; Excel; HTML,"IT, SaaS & AI Products; Career & Personal Branding",Data Analyst / BI Analyst; Data Scientist / ML Engineer; Product Manager / APM; Software / Web Developer,PDF report; Excel workbook (live formulas); Interactive dashboard; Dataset,,Own build (no external dataset),Self-initiated,"Personal Builds — Tools, Portfolio Sites & Blogs"
06-Personal-Builds-and-Sites/07-Pickup-Notebook-Blog,Pickup Notebook — Case-Study Blog,"Personal Builds — Tools, Portfolio Sites & Blogs",https://github.com/Eswar5313/Eswar-Master-Project-Portfolio-2026/tree/main/06-Personal-Builds-and-Sites/07-Pickup-Notebook-Blog,Product Management & Strategy,Python programming; Web development; Cloud deployment,HTML; CSS,Mobility & Ride-hailing; Career & Personal Branding,Product Manager / APM; Business / Strategy Analyst; Software / Web Developer; Cloud / DevOps Engineer; Marketing / Growth Manager,Interactive dashboard; Web app / site,,Company-supplied brief / case data,Self-initiated,"Personal Builds — Tools, Portfolio Sites & Blogs"
06-Personal-Builds-and-Sites/08-The-2000-SKU-Problem-Blog,"The 2,000 SKU Problem — Blog","Personal Builds — Tools, Portfolio Sites & Blogs",https://github.com/Eswar5313/Eswar-Master-Project-Portfolio-2026/tree/main/06-Personal-Builds-and-Sites/08-The-2000-SKU-Problem-Blog,"Design, Marketing & Content",Web development,HTML; CSS,Logistics & Supply Chain; E-commerce & Quick-commerce; Career & Personal Branding,Supply Chain / Operations Manager; Software / Web Developer; Marketing / Growth Manager,Interactive dashboard; Web app / site,,Own build (no external dataset),Self-initiated,"Personal Builds — Tools, Portfolio Sites & Blogs"
06-Personal-Builds-and-Sites/09-AI-Insights-Journal,AI Insights Journal,"Personal Builds — Tools, Portfolio Sites & Blogs",https://github.com/Eswar5313/Eswar-Master-Project-Portfolio-2026/tree/main/06-Personal-Builds-and-Sites/09-AI-Insights-Journal,Product Management & Strategy,Web development,HTML; CSS,"E-commerce & Quick-commerce; IT, SaaS & AI Products; Career & Personal Branding",Data Scientist / ML Engineer; Product Manager / APM; Software / Web Developer; Marketing / Growth Manager,Interactive dashboard,,Own build (no external dataset),Self-initiated,"Personal Builds — Tools, Portfolio Sites & Blogs"
06-Personal-Builds-and-Sites/10-PM-Strategy-and-Product-Craft-Blogs,PM Strategy Series & Product-Craft Blogs,"Personal Builds — Tools, Portfolio Sites & Blogs",https://github.com/Eswar5313/Eswar-Master-Project-Portfolio-2026/tree/main/06-Personal-Builds-and-Sites/10-PM-Strategy-and-Product-Craft-Blogs,Product Management & Strategy,Product strategy; Web development,HTML; CSS,Career & Personal Branding,Product Manager / APM; Business / Strategy Analyst; Software / Web Developer; Marketing / Growth Manager; Designer (UX / Graphic),Interactive dashboard,,Company-supplied brief / case data,Self-initiated,"Personal Builds — Tools, Portfolio Sites & Blogs"
06-Personal-Builds-and-Sites/11-Assessments-and-Assignments,Company Assessments & Assignments,"Personal Builds — Tools, Portfolio Sites & Blogs",https://github.com/Eswar5313/Eswar-Master-Project-Portfolio-2026/tree/main/06-Personal-Builds-and-Sites/11-Assessments-and-Assignments,"Finance, Energy & Excel Modelling",Python programming; Excel modelling & formulas; Technical writing & documentation; Presentation & storytelling,PDF; PPTX; Excel; Python,"Automotive & Electric Vehicles; Fintech & Financial Services; IT, SaaS & AI Products; Career & Personal Branding",Data Analyst / BI Analyst; Data Scientist / ML Engineer; Supply Chain / Operations Manager; Marketing / Growth Manager,PDF report; Excel workbook (live formulas); Presentation deck,,Company-supplied brief / case data,Self-initiated,"Personal Builds — Tools, Portfolio Sites & Blogs"
04-Codec-Technologies/Digital-Electronics-VLSI/01_FPGA_Traffic_Light_Priority,VLSI 01 — FPGA Traffic Light Controller with Emergency Priority,Codec Technologies — 4 tracks (EV 10 · Cyber 20 · VLSI 10 · Robotics 10),https://github.com/Eswar5313/Codec-Technologies-Internship-Portfolio-2026/blob/main/Digital-Electronics-VLSI/reports/01_FPGA_Traffic_Light_Priority.pdf,Digital Electronics & VLSI,"Digital design & RTL (Verilog/VHDL); FPGA synthesis, place-and-route & timing; Verification (self-checking testbenches); Simulation & modelling; Technical writing & documentation",Verilog; iverilog; nextpnr-ice40; synth_xilinx; Icarus Verilog; Yosys; nextpnr-ice40,Semiconductors & Embedded (VLSI / FPGA); Construction & Infrastructure,Digital Design / FPGA Engineer; EV / Embedded / Electrical Engineer; QA / Test Engineer,PDF report; Code / notebook; Simulation output (waveforms / GIF),FSM design; Debounce & synchronisation,Own build (no external dataset),Codec Technologies India,Codec Technologies — 4 tracks (EV 10 · Cyber 20 · VLSI 10 · Robotics 10)
04-Codec-Technologies/Digital-Electronics-VLSI/02_LowPower_8bit_ALU_CMOS,VLSI 02 — Low-Power 8-bit ALU (CMOS),Codec Technologies — 4 tracks (EV 10 · Cyber 20 · VLSI 10 · Robotics 10),https://github.com/Eswar5313/Codec-Technologies-Internship-Portfolio-2026/blob/main/Digital-Electronics-VLSI/reports/02_LowPower_8bit_ALU_CMOS.pdf,Digital Electronics & VLSI,"Digital design & RTL (Verilog/VHDL); FPGA synthesis, place-and-route & timing; Verification (self-checking testbenches); Simulation & modelling; Technical writing & documentation",Verilog; Yosys+ABC; gate-level power; mini-STA; Icarus Verilog; Yosys; nextpnr-ice40,Semiconductors & Embedded (VLSI / FPGA),Digital Design / FPGA Engineer; EV / Embedded / Electrical Engineer; QA / Test Engineer,PDF report; Code / notebook; Simulation output (waveforms / GIF),Clock gating & operand isolation; Activity-based power estimation,Own build (no external dataset),Codec Technologies India,Codec Technologies — 4 tracks (EV 10 · Cyber 20 · VLSI 10 · Robotics 10)
04-Codec-Technologies/Digital-Electronics-VLSI/03_Smart_Digital_Lock_VHDL,VLSI 03 — Smart Digital Lock (VHDL),Codec Technologies — 4 tracks (EV 10 · Cyber 20 · VLSI 10 · Robotics 10),https://github.com/Eswar5313/Codec-Technologies-Internship-Portfolio-2026/blob/main/Digital-Electronics-VLSI/reports/03_Smart_Digital_Lock_VHDL.pdf,Digital Electronics & VLSI,"Digital design & RTL (Verilog/VHDL); FPGA synthesis, place-and-route & timing; Verification (self-checking testbenches); Simulation & modelling; Technical writing & documentation",VHDL-2008; GHDL; yosys -m ghdl; nextpnr-ice40; Icarus Verilog; Yosys; nextpnr-ice40,Semiconductors & Embedded (VLSI / FPGA),Digital Design / FPGA Engineer; EV / Embedded / Electrical Engineer; QA / Test Engineer,PDF report; Code / notebook; Simulation output (waveforms / GIF),FSM design; Debounce & synchronisation,Own build (no external dataset),Codec Technologies India,Codec Technologies — 4 tracks (EV 10 · Cyber 20 · VLSI 10 · Robotics 10)
04-Codec-Technologies/Digital-Electronics-VLSI/04_FIR_Filter_DSP_VLSI,VLSI 04 — FIR Filter for DSP (3 architectures),Codec Technologies — 4 tracks (EV 10 · Cyber 20 · VLSI 10 · Robotics 10),https://github.com/Eswar5313/Codec-Technologies-Internship-Portfolio-2026/blob/main/Digital-Electronics-VLSI/reports/04_FIR_Filter_DSP_VLSI.pdf,Digital Electronics & VLSI,"Digital design & RTL (Verilog/VHDL); FPGA synthesis, place-and-route & timing; Verification (self-checking testbenches); Simulation & modelling; Technical writing & documentation",scipy→Q1.15; Verilog; FPGA + ASIC compare; Icarus Verilog; Yosys; nextpnr-ice40,Semiconductors & Embedded (VLSI / FPGA),Digital Design / FPGA Engineer; EV / Embedded / Electrical Engineer; QA / Test Engineer,PDF report; Code / notebook; Simulation output (waveforms / GIF),Fixed-point Q1.15 DSP; Pipelining / transposed FIR,Own build (no external dataset),Codec Technologies India,Codec Technologies — 4 tracks (EV 10 · Cyber 20 · VLSI 10 · Robotics 10)
04-Codec-Technologies/Digital-Electronics-VLSI/05_UART_Protocol_VHDL,VLSI 05 — UART Protocol (VHDL),Codec Technologies — 4 tracks (EV 10 · Cyber 20 · VLSI 10 · Robotics 10),https://github.com/Eswar5313/Codec-Technologies-Internship-Portfolio-2026/blob/main/Digital-Electronics-VLSI/reports/05_UART_Protocol_VHDL.pdf,Digital Electronics & VLSI,"Digital design & RTL (Verilog/VHDL); FPGA synthesis, place-and-route & timing; Verification (self-checking testbenches); Simulation & modelling; Technical writing & documentation",VHDL-2008; GHDL; nextpnr-ice40; pyserial script; Icarus Verilog; Yosys; nextpnr-ice40,Semiconductors & Embedded (VLSI / FPGA),Digital Design / FPGA Engineer; EV / Embedded / Electrical Engineer; QA / Test Engineer,PDF report; Code / notebook; Simulation output (waveforms / GIF),FSM design; 16× oversampling UART,Own build (no external dataset),Codec Technologies India,Codec Technologies — 4 tracks (EV 10 · Cyber 20 · VLSI 10 · Robotics 10)
04-Codec-Technologies/Digital-Electronics-VLSI/06_Smart_Energy_Meter_GSM,VLSI 06 — Smart Energy Meter with GSM,Codec Technologies — 4 tracks (EV 10 · Cyber 20 · VLSI 10 · Robotics 10),https://github.com/Eswar5313/Codec-Technologies-Internship-Portfolio-2026/blob/main/Digital-Electronics-VLSI/reports/06_Smart_Energy_Meter_GSM.pdf,Digital Electronics & VLSI,"Digital design & RTL (Verilog/VHDL); FPGA synthesis, place-and-route & timing; Verification (self-checking testbenches); Simulation & modelling; Technical writing & documentation",Verilog DSP; C firmware; mock SIM800L; billing; Icarus Verilog; Yosys; nextpnr-ice40,Semiconductors & Embedded (VLSI / FPGA); Automotive & Electric Vehicles,Digital Design / FPGA Engineer; EV / Embedded / Electrical Engineer; QA / Test Engineer,PDF report; Code / notebook; Simulation output (waveforms / GIF),Fixed-point Q1.15 DSP; AT-command state machine,Declared-synthetic / substituted data,Codec Technologies India,Codec Technologies — 4 tracks (EV 10 · Cyber 20 · VLSI 10 · Robotics 10)
04-Codec-Technologies/Digital-Electronics-VLSI/07_4bit_Processor_Design,VLSI 07 — 4-bit Processor,Codec Technologies — 4 tracks (EV 10 · Cyber 20 · VLSI 10 · Robotics 10),https://github.com/Eswar5313/Codec-Technologies-Internship-Portfolio-2026/blob/main/Digital-Electronics-VLSI/reports/07_4bit_Processor_Design.pdf,Digital Electronics & VLSI,"Digital design & RTL (Verilog/VHDL); FPGA synthesis, place-and-route & timing; Verification (self-checking testbenches); Simulation & modelling; Technical writing & documentation",Verilog; assembler; golden model; nextpnr-ice40; Icarus Verilog; Yosys; nextpnr-ice40,Semiconductors & Embedded (VLSI / FPGA),Digital Design / FPGA Engineer; EV / Embedded / Electrical Engineer; QA / Test Engineer,PDF report; Code / notebook; Simulation output (waveforms / GIF),Golden-model verification; Custom ISA / micro-op FSM,Own build (no external dataset),Codec Technologies India,Codec Technologies — 4 tracks (EV 10 · Cyber 20 · VLSI 10 · Robotics 10)
04-Codec-Technologies/Digital-Electronics-VLSI/08_ASIC_RTL_to_GDSII_OpenSource,VLSI 08 — ASIC Flow: RTL to GDSII,Codec Technologies — 4 tracks (EV 10 · Cyber 20 · VLSI 10 · Robotics 10),https://github.com/Eswar5313/Codec-Technologies-Internship-Portfolio-2026/blob/main/Digital-Electronics-VLSI/reports/08_ASIC_RTL_to_GDSII_OpenSource.pdf,Digital Electronics & VLSI,"Digital design & RTL (Verilog/VHDL); FPGA synthesis, place-and-route & timing; Verification (self-checking testbenches); Simulation & modelling; Technical writing & documentation",Yosys; pyflow; GDSII writer; ORFS config; Icarus Verilog; Yosys; nextpnr-ice40,Semiconductors & Embedded (VLSI / FPGA),Digital Design / FPGA Engineer; EV / Embedded / Electrical Engineer; QA / Test Engineer,PDF report; Code / notebook; Simulation output (waveforms / GIF),"RTL-to-GDSII (SA placement, maze routing); Static timing analysis",Own build (no external dataset),Codec Technologies India,Codec Technologies — 4 tracks (EV 10 · Cyber 20 · VLSI 10 · Robotics 10)
04-Codec-Technologies/Digital-Electronics-VLSI/09_IoT_Home_Automation_Digital_Logic,VLSI 09 — IoT Home Automation (Digital Logic),Codec Technologies — 4 tracks (EV 10 · Cyber 20 · VLSI 10 · Robotics 10),https://github.com/Eswar5313/Codec-Technologies-Internship-Portfolio-2026/blob/main/Digital-Electronics-VLSI/reports/09_IoT_Home_Automation_Digital_Logic.pdf,Digital Electronics & VLSI,"Digital design & RTL (Verilog/VHDL); FPGA synthesis, place-and-route & timing; Verification (self-checking testbenches); Simulation & modelling; Technical writing & documentation",Verilog; UART regs; clock gating; ESP8266 .ino; Icarus Verilog; Yosys; nextpnr-ice40,Semiconductors & Embedded (VLSI / FPGA),Digital Design / FPGA Engineer; EV / Embedded / Electrical Engineer; QA / Test Engineer,PDF report; Code / notebook; Simulation output (waveforms / GIF),Clock gating & operand isolation; Register-mapped UART command interface,Declared-synthetic / substituted data,Codec Technologies India,Codec Technologies — 4 tracks (EV 10 · Cyber 20 · VLSI 10 · Robotics 10)
04-Codec-Technologies/Digital-Electronics-VLSI/10_Digital_Voting_Machine_Secure_Memory,VLSI 10 — Digital Voting Machine with Secure Memory,Codec Technologies — 4 tracks (EV 10 · Cyber 20 · VLSI 10 · Robotics 10),https://github.com/Eswar5313/Codec-Technologies-Internship-Portfolio-2026/blob/main/Digital-Electronics-VLSI/reports/10_Digital_Voting_Machine_Secure_Memory.pdf,Digital Electronics & VLSI,"Digital design & RTL (Verilog/VHDL); FPGA synthesis, place-and-route & timing; Verification (self-checking testbenches); Simulation & modelling; Technical writing & documentation",Verilog; I²C master; EEPROM model; CRC-8; Icarus Verilog; Yosys; nextpnr-ice40,Semiconductors & Embedded (VLSI / FPGA),Digital Design / FPGA Engineer; EV / Embedded / Electrical Engineer; QA / Test Engineer,PDF report; Code / notebook; Simulation output (waveforms / GIF),FSM design; CRC-8 + I²C EEPROM write-verify,Own build (no external dataset),Codec Technologies India,Codec Technologies — 4 tracks (EV 10 · Cyber 20 · VLSI 10 · Robotics 10)
04-Codec-Technologies/Robotics-Automation/01_Autonomous_Warehouse_Robot,Robotics 01 — Autonomous Warehouse Robot,Codec Technologies — 4 tracks (EV 10 · Cyber 20 · VLSI 10 · Robotics 10),https://github.com/Eswar5313/Codec-Technologies-Internship-Portfolio-2026/blob/main/Robotics-Automation/reports/01_Autonomous_Warehouse_Robot.pdf,Robotics & Automation,"Robotics algorithms (planning, control, SLAM, kinematics); Python programming; Simulation & modelling; Software testing & QA; Technical writing & documentation",A* / Dijkstra; LiDAR sim; OpenCV; ROS 2 pkg; OpenCV; NumPy/SciPy; ROS 2 (pkg),Robotics & Industrial Automation; Logistics & Supply Chain,Robotics / Automation Engineer; Data Scientist / ML Engineer; Software / Web Developer; Supply Chain / Operations Manager,PDF report; Code / notebook; Simulation output (waveforms / GIF),A* / Dijkstra path planning; Pure-pursuit control,Declared-synthetic / substituted data,Codec Technologies India,Codec Technologies — 4 tracks (EV 10 · Cyber 20 · VLSI 10 · Robotics 10)
04-Codec-Technologies/Robotics-Automation/02_Robotic_Arm_Quality_Inspection,Robotics 02 — Robotic Arm Quality Inspection,Codec Technologies — 4 tracks (EV 10 · Cyber 20 · VLSI 10 · Robotics 10),https://github.com/Eswar5313/Codec-Technologies-Internship-Portfolio-2026/blob/main/Robotics-Automation/reports/02_Robotic_Arm_Quality_Inspection.pdf,Robotics & Automation,"Robotics algorithms (planning, control, SLAM, kinematics); Python programming; Machine learning; Software testing & QA; Technical writing & documentation",OpenCV; SVM / RF; DH + IK; RoboDK script; OpenCV; NumPy/SciPy; ROS 2 (pkg),"Robotics & Industrial Automation; Manufacturing, Energy & Utilities",Robotics / Automation Engineer; Data Scientist / ML Engineer; Software / Web Developer,PDF report; Code / notebook; Simulation output (waveforms / GIF),Classification (RandomForest etc.); Inverse kinematics (DLS / analytic),Declared-synthetic / substituted data,Codec Technologies India,Codec Technologies — 4 tracks (EV 10 · Cyber 20 · VLSI 10 · Robotics 10)
04-Codec-Technologies/Robotics-Automation/03_Voice_Controlled_Home_Bot,Robotics 03 — Voice-Controlled Home Automation Bot,Codec Technologies — 4 tracks (EV 10 · Cyber 20 · VLSI 10 · Robotics 10),https://github.com/Eswar5313/Codec-Technologies-Internship-Portfolio-2026/blob/main/Robotics-Automation/reports/03_Voice_Controlled_Home_Bot.pdf,Robotics & Automation,"Robotics algorithms (planning, control, SLAM, kinematics); Python programming; Simulation & modelling; Software testing & QA; Technical writing & documentation",MFCC + DTW; parser; Webots .wbt; ROS 2 pkg; OpenCV; NumPy/SciPy; ROS 2 (pkg),Robotics & Industrial Automation,Robotics / Automation Engineer; Data Scientist / ML Engineer; Software / Web Developer,PDF report; Code / notebook; Simulation output (waveforms / GIF),MFCC + DTW keyword recognition; Intent / slot parsing,Declared-synthetic / substituted data,Codec Technologies India,Codec Technologies — 4 tracks (EV 10 · Cyber 20 · VLSI 10 · Robotics 10)
04-Codec-Technologies/Robotics-Automation/04_Self_Balancing_Robot,Robotics 04 — Self-Balancing Two-Wheel Robot,Codec Technologies — 4 tracks (EV 10 · Cyber 20 · VLSI 10 · Robotics 10),https://github.com/Eswar5313/Codec-Technologies-Internship-Portfolio-2026/blob/main/Robotics-Automation/reports/04_Self_Balancing_Robot.pdf,Robotics & Automation,"Robotics algorithms (planning, control, SLAM, kinematics); Python programming; Simulation & modelling; Software testing & QA; Technical writing & documentation",RK4 1 kHz; Kalman; cascaded PID; Gazebo .sdf; OpenCV; NumPy/SciPy; ROS 2 (pkg),Robotics & Industrial Automation,Robotics / Automation Engineer; Data Scientist / ML Engineer; Software / Web Developer,PDF report; Code / notebook; Simulation output (waveforms / GIF),Cascaded PID control; Kalman / complementary filtering,Own build (no external dataset),Codec Technologies India,Codec Technologies — 4 tracks (EV 10 · Cyber 20 · VLSI 10 · Robotics 10)
04-Codec-Technologies/Robotics-Automation/05_Surveillance_Drone,Robotics 05 — Autonomous Surveillance Drone,Codec Technologies — 4 tracks (EV 10 · Cyber 20 · VLSI 10 · Robotics 10),https://github.com/Eswar5313/Codec-Technologies-Internship-Portfolio-2026/blob/main/Robotics-Automation/reports/05_Surveillance_Drone.pdf,Robotics & Automation,"Robotics algorithms (planning, control, SLAM, kinematics); Python programming; Simulation & modelling; Software testing & QA; Technical writing & documentation",GPS waypoints; MOG2 + HOG; tracker; AirSim script; OpenCV; NumPy/SciPy; ROS 2 (pkg),Robotics & Industrial Automation,Robotics / Automation Engineer; Data Scientist / ML Engineer; Software / Web Developer,PDF report; Code / notebook; Simulation output (waveforms / GIF),Background subtraction (MOG2) + HOG; Waypoint navigation (WGS84 → ENU),Declared-synthetic / substituted data,Codec Technologies India,Codec Technologies — 4 tracks (EV 10 · Cyber 20 · VLSI 10 · Robotics 10)
04-Codec-Technologies/Robotics-Automation/06_Smart_Farming_Robot,Robotics 06 — Smart Farming Robot,Codec Technologies — 4 tracks (EV 10 · Cyber 20 · VLSI 10 · Robotics 10),https://github.com/Eswar5313/Codec-Technologies-Internship-Portfolio-2026/blob/main/Robotics-Automation/reports/06_Smart_Farming_Robot.pdf,Robotics & Automation,"Robotics algorithms (planning, control, SLAM, kinematics); Python programming; Machine learning; Software testing & QA; Technical writing & documentation",ExG / VARI / NDVI; irrigation ctrl; dashboard; ROS 2 pkg; OpenCV; NumPy/SciPy; ROS 2 (pkg),Robotics & Industrial Automation,Robotics / Automation Engineer; Data Scientist / ML Engineer; Software / Web Developer,PDF report; Code / notebook; Simulation output (waveforms / GIF),Vegetation indices (ExG / VARI / NDVI); Hysteresis irrigation control,Declared-synthetic / substituted data,Codec Technologies India,Codec Technologies — 4 tracks (EV 10 · Cyber 20 · VLSI 10 · Robotics 10)
04-Codec-Technologies/Robotics-Automation/07_Gesture_Controlled_Arm,Robotics 07 — Gesture-Controlled Robotic Arm,Codec Technologies — 4 tracks (EV 10 · Cyber 20 · VLSI 10 · Robotics 10),https://github.com/Eswar5313/Codec-Technologies-Internship-Portfolio-2026/blob/main/Robotics-Automation/reports/07_Gesture_Controlled_Arm.pdf,Robotics & Automation,"Robotics algorithms (planning, control, SLAM, kinematics); Python programming; Simulation & modelling; Software testing & QA; Technical writing & documentation",OpenCV; LM IK; One-Euro; MediaPipe adapter; OpenCV; NumPy/SciPy; ROS 2 (pkg),Robotics & Industrial Automation,Robotics / Automation Engineer; Data Scientist / ML Engineer; Software / Web Developer,PDF report; Code / notebook; Simulation output (waveforms / GIF),Convexity-defect gesture recognition; Levenberg–Marquardt inverse kinematics,Declared-synthetic / substituted data,Codec Technologies India,Codec Technologies — 4 tracks (EV 10 · Cyber 20 · VLSI 10 · Robotics 10)
04-Codec-Technologies/Robotics-Automation/08_Search_Rescue_Robot,Robotics 08 — Search & Rescue Robot (SLAM),Codec Technologies — 4 tracks (EV 10 · Cyber 20 · VLSI 10 · Robotics 10),https://github.com/Eswar5313/Codec-Technologies-Internship-Portfolio-2026/blob/main/Robotics-Automation/reports/08_Search_Rescue_Robot.pdf,Robotics & Automation,"Robotics algorithms (planning, control, SLAM, kinematics); Python programming; Simulation & modelling; Software testing & QA; Technical writing & documentation",SLAM; frontier A*; TDOA; Nav2 skeleton; OpenCV; NumPy/SciPy; ROS 2 (pkg),Robotics & Industrial Automation,Robotics / Automation Engineer; Data Scientist / ML Engineer; Software / Web Developer,PDF report; Code / notebook; Simulation output (waveforms / GIF),Log-odds SLAM + scan matching / ICP; Frontier exploration; TDOA bearing estimation,Own build (no external dataset),Codec Technologies India,Codec Technologies — 4 tracks (EV 10 · Cyber 20 · VLSI 10 · Robotics 10)
04-Codec-Technologies/Robotics-Automation/09_Automated_Parking_System,Robotics 09 — Automated Multi-Level Parking,Codec Technologies — 4 tracks (EV 10 · Cyber 20 · VLSI 10 · Robotics 10),https://github.com/Eswar5313/Codec-Technologies-Internship-Portfolio-2026/blob/main/Robotics-Automation/reports/09_Automated_Parking_System.pdf,Robotics & Automation,"Robotics algorithms (planning, control, SLAM, kinematics); Python programming; Simulation & modelling; Software testing & QA; Technical writing & documentation",DES; A* / Dijkstra; Erlang-C; Unity stub; OpenCV; NumPy/SciPy; ROS 2 (pkg),Robotics & Industrial Automation; Automotive & Electric Vehicles,Robotics / Automation Engineer; Data Scientist / ML Engineer; Software / Web Developer; Supply Chain / Operations Manager,PDF report; Code / notebook; Simulation output (waveforms / GIF),Discrete-event simulation; Slot allocation strategies; SAT collision checking,Declared-synthetic / substituted data,Codec Technologies India,Codec Technologies — 4 tracks (EV 10 · Cyber 20 · VLSI 10 · Robotics 10)
04-Codec-Technologies/Robotics-Automation/10_Conveyor_Sorting_Automation,Robotics 10 — Industrial Conveyor Sorting,Codec Technologies — 4 tracks (EV 10 · Cyber 20 · VLSI 10 · Robotics 10),https://github.com/Eswar5313/Codec-Technologies-Internship-Portfolio-2026/blob/main/Robotics-Automation/reports/10_Conveyor_Sorting_Automation.pdf,Robotics & Automation,"Robotics algorithms (planning, control, SLAM, kinematics); Python programming; Simulation & modelling; Software testing & QA; Technical writing & documentation",OpenCV; SCARA IK; DES; RoboDK script; OpenCV; NumPy/SciPy; ROS 2 (pkg),"Robotics & Industrial Automation; Logistics & Supply Chain; Manufacturing, Energy & Utilities",Robotics / Automation Engineer; Data Scientist / ML Engineer; Software / Web Developer; Supply Chain / Operations Manager,PDF report; Code / notebook; Simulation output (waveforms / GIF),Colour / shape classification (Hu moments); Discrete-event simulation,Declared-synthetic / substituted data,Codec Technologies India,Codec Technologies — 4 tracks (EV 10 · Cyber 20 · VLSI 10 · Robotics 10)
